,AAPL_X,AAPL_Y
0,1/2/14,77.445395
1,1/3/14,77.045575
2,1/6/14,74.896972
3,1/7/14,75.856461
4,1/8/14,75.091947